Implementation,GFLOPS

32,3.34367
64,4.35629
128,7.44262
256,11.7527
512,6.66346
1024,6.50514
2048,2.34375
4096,1.90119
8192,1.8023
