Array Size (bytes),Bandwidth (GB/s)
1024,9.10277
2048,9.41809
4096,12.2321
8192,18.9134
16384,29.2596
32768,32.1639
65536,32.311
131072,36.1846
262144,35.1932
524288,27.5285
1048576,24.464
2097152,24.5438
4194304,24.3757
8388608,19.743
16777216,14.2409
33554432,12.4863
67108864,11.782
134217728,11.4492
268435456,11.3034
536870912,11.2613
